filename, language, PHP, Markdown, XML, HTML, Django txt, CSS, JSON, JavaScript, comment, blank, total
/home/theodore/dev/chronique-metal/README.md, Markdown, 0, 2, 0, 0, 0, 0, 0, 0, 0, 1, 3
/home/theodore/dev/chronique-metal/admin/add_operations/add_file.css, CSS, 0, 0, 0, 0, 0, 114, 0, 0, 0, 1, 115
/home/theodore/dev/chronique-metal/admin/add_operations/add_file.js, JavaScript, 0, 0, 0, 0, 0, 0, 0, 70, 3, 8, 81
/home/theodore/dev/chronique-metal/admin/add_operations/add_file.php, PHP, 45, 0, 0, 0, 0, 0, 0, 0, 0, 0, 45
/home/theodore/dev/chronique-metal/admin/add_operations/add_file_ajax.php, PHP, 38, 0, 0, 0, 0, 0, 0, 0, 0, 3, 41
/home/theodore/dev/chronique-metal/admin/add_operations/add_photos.php, PHP, 190, 0, 0, 0, 0, 0, 0, 0, 3, 3, 196
/home/theodore/dev/chronique-metal/admin/add_operations/add_photos_ajax.php, PHP, 73, 0, 0, 0, 0, 0, 0, 0, 1, 1, 75
/home/theodore/dev/chronique-metal/admin/add_operations/add_radio.php, PHP, 170, 0, 0, 0, 0, 0, 0, 0, 0, 0, 170
/home/theodore/dev/chronique-metal/admin/add_operations/add_radio_ajax.php, PHP, 68, 0, 0, 0, 0, 0, 0, 0, 0, 2, 70
/home/theodore/dev/chronique-metal/admin/add_operations/add_radio_chronique.php, PHP, 114, 0, 0, 0, 0, 0, 0, 0, 0, 1, 115
/home/theodore/dev/chronique-metal/admin/add_operations/add_radio_chronique_ajax.php, PHP, 27, 0, 0, 0, 0, 0, 0, 0, 0, 1, 28
/home/theodore/dev/chronique-metal/admin/add_operations/add_sponsort.php, PHP, 181, 0, 0, 0, 0, 0, 0, 0, 3, 1, 185
/home/theodore/dev/chronique-metal/admin/add_operations/add_sponsort_ajax.php, PHP, 45, 0, 0, 0, 0, 0, 0, 0, 0, 1, 46
/home/theodore/dev/chronique-metal/admin/add_operations/choose_type.php, PHP, 87, 0, 0, 0, 0, 0, 0, 0, 0, 1, 88
/home/theodore/dev/chronique-metal/admin/add_operations/img_upload.php, PHP, 28, 0, 0, 0, 0, 0, 0, 0, 4, 5, 37
/home/theodore/dev/chronique-metal/admin/index.php, PHP, 57, 0, 0, 0, 0, 0, 0, 0, 0, 0, 57
/home/theodore/dev/chronique-metal/admin/mail.php, PHP, 100, 0, 0, 0, 0, 0, 0, 0, 7, 2, 109
/home/theodore/dev/chronique-metal/admin/post_operations/choose_file.php, PHP, 152, 0, 0, 0, 0, 0, 0, 0, 0, 0, 152
/home/theodore/dev/chronique-metal/admin/post_operations/choose_type.php, PHP, 93, 0, 0, 0, 0, 0, 0, 0, 0, 1, 94
/home/theodore/dev/chronique-metal/admin/post_operations/delete_file.php, PHP, 34, 0, 0, 0, 0, 0, 0, 0, 0, 1, 35
/home/theodore/dev/chronique-metal/admin/post_operations/edit_file.css, CSS, 0, 0, 0, 0, 0, 111, 0, 0, 0, 0, 111
/home/theodore/dev/chronique-metal/admin/post_operations/edit_file.js, JavaScript, 0, 0, 0, 0, 0, 0, 0, 116, 0, 9, 125
/home/theodore/dev/chronique-metal/admin/post_operations/edit_file.php, PHP, 65, 0, 0, 0, 0, 0, 0, 0, 0, 1, 66
/home/theodore/dev/chronique-metal/admin/post_operations/edit_file_ajax.php, PHP, 21, 0, 0, 0, 0, 0, 0, 0, 0, 3, 24
/home/theodore/dev/chronique-metal/admin/post_operations/img_upload.php, PHP, 28, 0, 0, 0, 0, 0, 0, 0, 4, 5, 37
/home/theodore/dev/chronique-metal/admin/post_operations/info_file.php, PHP, 71, 0, 0, 0, 0, 0, 0, 0, 0, 2, 73
/home/theodore/dev/chronique-metal/fr/chronique-metal.php, PHP, 175, 0, 0, 0, 0, 0, 0, 0, 0, 5, 180
/home/theodore/dev/chronique-metal/fr/chroniques-ecrites/chroniques-ecrites.php, PHP, 30, 0, 0, 0, 0, 0, 0, 0, 0, 1, 31
/home/theodore/dev/chronique-metal/fr/concerts/photos/photos.php, PHP, 28, 0, 0, 0, 0, 0, 0, 0, 0, 0, 28
/home/theodore/dev/chronique-metal/fr/concerts/reports/reports.php, PHP, 30, 0, 0, 0, 0, 0, 0, 0, 0, 0, 30
/home/theodore/dev/chronique-metal/fr/interviews/hellfest-2018/videos.php, PHP, 27, 0, 0, 0, 0, 0, 0, 0, 0, 0, 27
/home/theodore/dev/chronique-metal/fr/interviews/interviews-ecrites/interviews-ecrites.php, PHP, 30, 0, 0, 0, 0, 0, 0, 0, 0, 0, 30
/home/theodore/dev/chronique-metal/fr/interviews/interviews-videos/videos.php, PHP, 27, 0, 0, 0, 0, 0, 0, 0, 0, 0, 27
/home/theodore/dev/chronique-metal/fr/live-radio/live-radio.php, PHP, 88, 0, 0, 0, 0, 0, 0, 0, 0, 1, 89
/home/theodore/dev/chronique-metal/fr/read/read.php, PHP, 72, 0, 0, 0, 0, 0, 0, 0, 0, 1, 73
/home/theodore/dev/chronique-metal/fr/videos/videos.php, PHP, 35, 0, 0, 0, 0, 0, 0, 0, 0, 0, 35
/home/theodore/dev/chronique-metal/html/ajax/add_comment_ajax.php, PHP, 41, 0, 0, 0, 0, 0, 0, 0, 1, 5, 47
/home/theodore/dev/chronique-metal/html/ajax/get_comment_ajax.php, PHP, 34, 0, 0, 0, 0, 0, 0, 0, 2, 5, 41
/home/theodore/dev/chronique-metal/html/ajax/get_text_ajax.php, PHP, 44, 0, 0, 0, 0, 0, 0, 0, 1, 5, 50
/home/theodore/dev/chronique-metal/html/ajax/notif_ajax.php, PHP, 38, 0, 0, 0, 0, 0, 0, 0, 0, 1, 39
/home/theodore/dev/chronique-metal/html/ajax/photos_ajax.php, PHP, 54, 0, 0, 0, 0, 0, 0, 0, 1, 3, 58
/home/theodore/dev/chronique-metal/html/ajax/radio_metadata_ajax.php, PHP, 12, 0, 0, 0, 0, 0, 0, 0, 1, 1, 14
/home/theodore/dev/chronique-metal/html/ajax/radio_video_ajax.php, PHP, 22, 0, 0, 0, 0, 0, 0, 0, 5, 5, 32
/home/theodore/dev/chronique-metal/html/ajax/request_yt_ajax.php, PHP, 33, 0, 0, 0, 0, 0, 0, 0, 5, 3, 41
/home/theodore/dev/chronique-metal/html/system/footer.php, PHP, 25, 0, 0, 0, 0, 0, 0, 0, 0, 0, 25
/home/theodore/dev/chronique-metal/html/system/header.php, PHP, 72, 0, 0, 0, 0, 0, 0, 0, 0, 0, 72
/home/theodore/dev/chronique-metal/html/system/init.html, HTML, 0, 0, 0, 25, 0, 0, 0, 0, 9, 2, 36
/home/theodore/dev/chronique-metal/html/system/init.php, PHP, 13, 0, 0, 0, 0, 0, 0, 0, 3, 0, 16
/home/theodore/dev/chronique-metal/html/system/log_error_php.txt, Django txt, 0, 0, 0, 0, 3797, 0, 0, 0, 0, 1, 3798
/home/theodore/dev/chronique-metal/html/system/rm_radio.php, PHP, 9, 0, 0, 0, 0, 0, 0, 0, 0, 2, 11
/home/theodore/dev/chronique-metal/lost.php, PHP, 55, 0, 0, 0, 0, 0, 0, 0, 0, 0, 55
/home/theodore/dev/chronique-metal/phpinfo.php, PHP, 1, 0, 0, 0, 0, 0, 0, 0, 0, 0, 1
/home/theodore/dev/chronique-metal/redirect.php, PHP, 3, 0, 0, 0, 0, 0, 0, 0, 15, 0, 18
/home/theodore/dev/chronique-metal/src/css/chronique-metal.css, CSS, 0, 0, 0, 0, 0, 328, 0, 0, 1, 2, 331
/home/theodore/dev/chronique-metal/src/css/editor.css, CSS, 0, 0, 0, 0, 0, 3, 0, 0, 0, 0, 3
/home/theodore/dev/chronique-metal/src/css/live-radio.css, CSS, 0, 0, 0, 0, 0, 435, 0, 0, 3, 4, 442
/home/theodore/dev/chronique-metal/src/css/live_radio.css, CSS, 0, 0, 0, 0, 0, 530, 0, 0, 2, 7, 539
/home/theodore/dev/chronique-metal/src/css/load_ajax.css, CSS, 0, 0, 0, 0, 0, 140, 0, 0, 0, 2, 142
/home/theodore/dev/chronique-metal/src/css/main.css, CSS, 0, 0, 0, 0, 0, 509, 0, 0, 2, 9, 520
/home/theodore/dev/chronique-metal/src/css/photos.css, CSS, 0, 0, 0, 0, 0, 224, 0, 0, 1, 1, 226
/home/theodore/dev/chronique-metal/src/css/read.css, CSS, 0, 0, 0, 0, 0, 295, 0, 0, 1, 13, 309
/home/theodore/dev/chronique-metal/src/css/texts.css, CSS, 0, 0, 0, 0, 0, 131, 0, 0, 5, 4, 140
/home/theodore/dev/chronique-metal/src/css/videos.css, CSS, 0, 0, 0, 0, 0, 120, 0, 0, 1, 4, 125
/home/theodore/dev/chronique-metal/src/html/ajax/add_comment_ajax.php, PHP, 41, 0, 0, 0, 0, 0, 0, 0, 1, 5, 47
/home/theodore/dev/chronique-metal/src/html/ajax/get_comment_ajax.php, PHP, 34, 0, 0, 0, 0, 0, 0, 0, 2, 5, 41
/home/theodore/dev/chronique-metal/src/html/ajax/get_text_ajax.php, PHP, 44, 0, 0, 0, 0, 0, 0, 0, 1, 5, 50
/home/theodore/dev/chronique-metal/src/html/ajax/notif_ajax.php, PHP, 38, 0, 0, 0, 0, 0, 0, 0, 0, 1, 39
/home/theodore/dev/chronique-metal/src/html/ajax/photos_ajax.php, PHP, 54, 0, 0, 0, 0, 0, 0, 0, 1, 3, 58
/home/theodore/dev/chronique-metal/src/html/ajax/radio_metadata_ajax.php, PHP, 12, 0, 0, 0, 0, 0, 0, 0, 1, 1, 14
/home/theodore/dev/chronique-metal/src/html/ajax/radio_video_ajax.php, PHP, 4, 0, 0, 0, 0, 0, 0, 0, 0, 2, 6
/home/theodore/dev/chronique-metal/src/html/ajax/request_yt_ajax.php, PHP, 33, 0, 0, 0, 0, 0, 0, 0, 5, 3, 41
/home/theodore/dev/chronique-metal/src/html/system/footer.php, PHP, 25, 0, 0, 0, 0, 0, 0, 0, 0, 0, 25
/home/theodore/dev/chronique-metal/src/html/system/header.php, PHP, 72, 0, 0, 0, 0, 0, 0, 0, 0, 0, 72
/home/theodore/dev/chronique-metal/src/html/system/init.html, HTML, 0, 0, 0, 25, 0, 0, 0, 0, 9, 2, 36
/home/theodore/dev/chronique-metal/src/html/system/init.php, PHP, 13, 0, 0, 0, 0, 0, 0, 0, 3, 0, 16
/home/theodore/dev/chronique-metal/src/html/system/log_error_php.txt, Django txt, 0, 0, 0, 0, 3797, 0, 0, 0, 0, 1, 3798
/home/theodore/dev/chronique-metal/src/html/system/rm_radio.php, PHP, 9, 0, 0, 0, 0, 0, 0, 0, 0, 2, 11
/home/theodore/dev/chronique-metal/src/js/all.js, JavaScript, 0, 0, 0, 0, 0, 0, 0, 104, 0, 3, 107
/home/theodore/dev/chronique-metal/src/js/chronique-metal.js, JavaScript, 0, 0, 0, 0, 0, 0, 0, 81, 1, 0, 82
/home/theodore/dev/chronique-metal/src/js/live_radio.js, JavaScript, 0, 0, 0, 0, 0, 0, 0, 5, 2, 2, 9
/home/theodore/dev/chronique-metal/src/js/load_ajax.js, JavaScript, 0, 0, 0, 0, 0, 0, 0, 28, 3, 0, 31
/home/theodore/dev/chronique-metal/src/js/photos.js, JavaScript, 0, 0, 0, 0, 0, 0, 0, 157, 1, 1, 159
/home/theodore/dev/chronique-metal/src/js/read.js, JavaScript, 0, 0, 0, 0, 0, 0, 0, 84, 1, 3, 88
/home/theodore/dev/chronique-metal/src/js/search_ajax.php, PHP, 4, 0, 0, 0, 0, 0, 0, 0, 0, 1, 5
/home/theodore/dev/chronique-metal/src/js/texts.js, JavaScript, 0, 0, 0, 0, 0, 0, 0, 49, 0, 1, 50
/home/theodore/dev/chronique-metal/src/js/videos.js, JavaScript, 0, 0, 0, 0, 0, 0, 0, 51, 0, 2, 53
/home/theodore/dev/chronique-metal/src/libs/composer.json, JSON, 0, 0, 0, 0, 0, 0, 2, 0, 0, 1, 3
/home/theodore/dev/chronique-metal/src/libs/social-icons.css, CSS, 0, 0, 0, 0, 0, 292, 0, 0, 2, 9, 303
/home/theodore/dev/chronique-metal/src/sitemap.xml, XML, 0, 0, 117, 0, 0, 0, 0, 0, 1, 4, 122
/home/theodore/dev/chronique-metal/temp/include.html, HTML, 0, 0, 0, 23, 0, 0, 0, 0, 0, 0, 23
/home/theodore/dev/chronique-metal/temp/scap.php, PHP, 34, 0, 0, 0, 0, 0, 0, 0, 0, 5, 39
/home/theodore/dev/chronique-metal/temp/vendor/autoload.php, PHP, 3, 0, 0, 0, 0, 0, 0, 0, 1, 4, 8
/home/theodore/dev/chronique-metal/temp/vendor/composer/ClassLoader.php, PHP, 253, 0, 0, 0, 0, 0, 0, 0, 148, 45, 446
/home/theodore/dev/chronique-metal/temp/vendor/composer/autoload_classmap.php, PHP, 5, 0, 0, 0, 0, 0, 0, 0, 1, 4, 10
/home/theodore/dev/chronique-metal/temp/vendor/composer/autoload_namespaces.php, PHP, 0, 0, 0, 0, 0, 0, 0, 0, 0, 1, 1
Total, -, 3363, 2, 117, 73, 7594, 3232, 2, 745, 268, 256, 15652